uniprotID,logits,predictions,labels
P55265,"[0.0031349994, 0.012217894]",1,1
O00311,"[-0.056032654, 0.055896014]",1,1
O00311,"[-0.04763904, -0.006806016]",1,1
Q17RY0,"[0.040576655, -0.07278602]",0,1
Q17RY0,"[-0.020536419, -0.086115256]",0,1
Q06787,"[0.2980232, -0.30595446]",0,1
Q06787,"[-0.16326271, 0.1681694]",1,1
Q9UQL6,"[0.11104238, -0.113695696]",0,1
P69718,"[0.052842107, -0.052011773]",0,1
P03129,"[-0.045710262, 0.13518794]",1,1
